Workbook

Sheet Table1
A1: x | B1: Curve1
A2: 0 | B2: 24.1876
A3: 0.081066667 | B3: 23.6098
A4: 0.1651 | B4: 17.219
A5: 0.24709583 | B5: 14.5787
A6: 0.33053333 | B6: 12.2193
A7: 0.41525833 | B7: 11.1721
A8: 0.49690417 | B8: 10.8756
A9: 0.58304167 | B9: 10.2969
A10: 0.66245417 | B10: 15.0633
A11: 0.74789583 | B11: 19.1723
A12: 0.8291125 | B12: 21.782
A13: 0.91186667 | B13: 24.0165
A14: 0.99497083 | B14: 23.9072

Sheet data
A1: x | B1: SNO_AS
A2: 0 | B2: 24.1876
A3: 0.081066667 | B3: 23.6098
A4: 0.1651 | B4: 17.219
A5: 0.24709583 | B5: 14.5787
A6: 0.33053333 | B6: 12.2193
A7: 0.41525833 | B7: 11.1721
A8: 0.49690417 | B8: 10.8756
A9: 0.58304167 | B9: 10.2969
A10: 0.66245417 | B10: 15.0633
A11: 0.74789583 | B11: 19.1723
A12: 0.8291125 | B12: 21.782
A13: 0.91186667 | B13: 24.0165
A14: 0.99497083 | B14: 23.9072
A15: =A2+1 -> 1 | B15: =B2 -> 24.1876
A16: =A3+1 -> 1.0810667 | B16: =B3 -> 23.6098
A17: =A4+1 -> 1.1651 | B17: =B4 -> 17.219
A18: =A5+1 -> 1.2470958 | B18: =B5 -> 14.5787
A19: =A6+1 -> 1.3305333 | B19: =B6 -> 12.2193
A20: =A7+1 -> 1.4152583 | B20: =B7 -> 11.1721
A21: =A8+1 -> 1.4969042 | B21: =B8 -> 10.8756
A22: =A9+1 -> 1.5830417 | B22: =B9 -> 10.2969
A23: =A10+1 -> 1.6624542 | B23: =B10 -> 15.0633
A24: =A11+1 -> 1.7478958 | B24: =B11 -> 19.1723
A25: =A12+1 -> 1.8291125 | B25: =B12 -> 21.782
A26: =A13+1 -> 1.9118667 | B26: =B13 -> 24.0165
... A730: =A717+1 -> 56 | B730: =B717 -> 24.1876

Sheet Table2
A1: x | B1: SNO_AS
A2: ='Table2 (2)'!A2+1 -> 49 | B2: 24.1876
A3: ='Table2 (2)'!A3+1 -> 49.081067 | B3: 23.6098
A4: ='Table2 (2)'!A4+1 -> 49.1651 | B4: 17.219
A5: ='Table2 (2)'!A5+1 -> 49.247096 | B5: 14.5787
A6: ='Table2 (2)'!A6+1 -> 49.330533 | B6: 12.2193
A7: ='Table2 (2)'!A7+1 -> 49.415258 | B7: 11.1721
A8: ='Table2 (2)'!A8+1 -> 49.496904 | B8: 10.8756
A9: ='Table2 (2)'!A9+1 -> 49.583042 | B9: 10.2969
A10: ='Table2 (2)'!A10+1 -> 49.662454 | B10: 15.0633
A11: ='Table2 (2)'!A11+1 -> 49.747896 | B11: 19.1723
A12: ='Table2 (2)'!A12+1 -> 49.829113 | B12: 21.782
A13: ='Table2 (2)'!A13+1 -> 49.911867 | B13: 24.0165
A14: ='Table2 (2)'!A14+1 -> 49.994971 | B14: 23.9072

Sheet Table2 (2)
A1: x | B1: Curve1
A2: 48 | B2: 24.1876
A3: 48.081067 | B3: 23.6098
A4: 48.1651 | B4: 17.219
A5: 48.247096 | B5: 14.5787
A6: 48.330533 | B6: 12.2193
A7: 48.415258 | B7: 11.1721
A8: 48.496904 | B8: 10.8756
A9: 48.583042 | B9: 10.2969
A10: 48.662454 | B10: 15.0633
A11: 48.747896 | B11: 19.1723
A12: 48.829113 | B12: 21.782
A13: 48.911867 | B13: 24.0165
A14: 48.994971 | B14: 23.9072
