Workbook

Sheet Tabelle1
A1: time | B1: OUR.SS_AS
A2: 49 | B2: 358.97
A3: 49.007375 | B3: 367.95
A4: 49.018796 | B4: 379.91
A5: 49.022446 | B5: 338.03
A6: 49.039608 | B6: 350
A7: 49.051017 | B7: 364.96
A8: 49.061496 | B8: 335.04
A9: 49.072846 | B9: 361.97
A10: 49.083238 | B10: 350
A11: 49.087637 | B11: 622.22
A12: 49.096354 | B12: 717.95
A13: 49.101829 | B13: 771.79
... A69: 49.997071 | B69: 361.97

Sheet data
A1: time | B1: OUR.SS_AS
A2: 0 | B2: 358.97
A3: 0.007375 | B3: 367.95
A4: 0.018795833 | B4: 379.91
A5: 0.022445833 | B5: 338.03
A6: 0.039608333 | B6: 350
A7: 0.051016667 | B7: 364.96
A8: 0.061495833 | B8: 335.04
A9: 0.072845833 | B9: 361.97
A10: 0.0832375 | B10: 350
A11: 0.0876375 | B11: 622.22
A12: 0.096354167 | B12: 717.95
A13: 0.10182917 | B13: 771.79
... A69: 0.99707083 | B69: 361.97
A70: =A2+1 -> 1 | B70: =B2 -> 358.97
A71: =A3+1 -> 1.007375 | B71: =B3 -> 367.95
A72: =A4+1 -> 1.0187958 | B72: =B4 -> 379.91
A73: =A5+1 -> 1.0224458 | B73: =B5 -> 338.03
A74: =A6+1 -> 1.0396083 | B74: =B6 -> 350
A75: =A7+1 -> 1.0510167 | B75: =B7 -> 364.96
A76: =A8+1 -> 1.0614958 | B76: =B8 -> 335.04
A77: =A9+1 -> 1.0728458 | B77: =B9 -> 361.97
A78: =A10+1 -> 1.0832375 | B78: =B10 -> 350
A79: =A11+1 -> 1.0876375 | B79: =B11 -> 622.22
A80: =A12+1 -> 1.0963542 | B80: =B12 -> 717.95
A81: =A13+1 -> 1.1018292 | B81: =B13 -> 771.79
... A3742: =A3674+1 -> 55 | B3742: =B3674 -> 358.97

Sheet Tabelle2
A1: time | B1: OUR.SS_AS
A2: =Tabelle1!A2-29 -> 20 | B2: 358.97
A3: =Tabelle1!A3-29 -> 20.007375 | B3: 367.95
A4: =Tabelle1!A4-29 -> 20.018796 | B4: 379.91
A5: =Tabelle1!A5-29 -> 20.022446 | B5: 338.03
A6: =Tabelle1!A6-29 -> 20.039608 | B6: 350
A7: =Tabelle1!A7-29 -> 20.051017 | B7: 364.96
A8: =Tabelle1!A8-29 -> 20.061496 | B8: 335.04
A9: =Tabelle1!A9-29 -> 20.072846 | B9: 361.97
A10: =Tabelle1!A10-29 -> 20.083238 | B10: 350
A11: =Tabelle1!A11-29 -> 20.087637 | B11: 622.22
A12: =Tabelle1!A12-29 -> 20.096354 | B12: 717.95
A13: =Tabelle1!A13-29 -> 20.101829 | B13: 771.79
... A69: =Tabelle1!A69-29 -> 20.997071 | B69: 361.97
